일자,지역,문화취미-영화관,숙박,약국,연료,유통업영리 - 편의점,일반휴게,학원,기타,전체금액
2026-06-01,인천광역시 강화군,0,1748300,16012570,78413368,31999477,87738789,41164950,184231293,441308747
2026-06-02,인천광역시 강화군,0,1553050,11205740,74590594,31436550,105384709,35546000,206466003,466182646
2026-06-03,인천광역시 강화군,5000,235550,3833440,78523851,32306100,172989718,9065900,227053077,524012636
2026-06-04,인천광역시 강화군,0,1017600,11508920,61138236,28991400,83262654,17089450,163969977,366978237
2026-06-05,인천광역시 강화군,0,2077700,12965258,71043321,30304710,111550211,30594100,203425589,461960889
2026-06-06,인천광역시 강화군,0,2273900,4355050,79702669,37400080,197967774,12540750,245683412,579923635
2026-06-07,인천광역시 강화군,2000,1280400,1498550,62868965,26735020,127217635,4631100,161392321,385625991
2026-06-08,인천광역시 강화군,0,636800,13669310,62912283,26686365,82979906,13045850,168944293,368874807
2026-06-09,인천광역시 강화군,0,578400,10401200,67335842,24401500,88889920,15064200,164250093,370921155
2026-06-10,인천광역시 강화군,0,110750,9342290,63882576,27078660,89645307,9672250,146489772,346221605
2026-06-11,인천광역시 강화군,0,500800,9751960,64577351,27400490,88149723,9397450,166696173,366473947
2026-06-12,인천광역시 강화군,0,549200,10336440,70823399,27444550,102976818,7911550,182716822,402758779
2026-06-13,인천광역시 강화군,0,1656500,7986100,72704067,32718270,171980781,7407000,220505600,514958318
2026-06-14,인천광역시 강화군,0,1680300,1193400,57792241,28923790,146338095,2327400,143249029,381504255
2026-06-15,인천광역시 강화군,0,542100,9546030,62775172,27671757,79922990,12068050,136569002,329095101
2026-06-16,인천광역시 강화군,0,408100,10191110,62765099,24792755,86711529,4819100,141991825,331679518
2026-06-17,인천광역시 강화군,0,168500,8689890,58038358,26009540,88570880,7974500,146956676,336408344
2026-06-18,인천광역시 강화군,24000,831200,8410900,82075155,25615490,84772784,6575850,142020368,350325747
2026-06-19,인천광역시 강화군,0,1203000,8553500,73931744,27343490,91773621,9666550,149859997,362331902
2026-06-20,인천광역시 강화군,0,1204200,7176260,60986219,27524550,148355335,4084800,176535675,425867039
2026-06-21,인천광역시 강화군,0,1343100,808000,57059202,24492762,139265851,3275450,146399242,372643607
2026-06-22,인천광역시 강화군,0,321700,9250760,52023034,23059310,77531487,5921400,142330773,310438464
2026-06-23,인천광역시 강화군,0,161500,8450160,48447877,22897560,73852407,6068350,127266347,287144201
2026-06-24,인천광역시 강화군,0,611200,8107100,48305288,20919150,78058634,6875250,127075944,289952566
2026-06-25,인천광역시 강화군,0,145000,8180810,41908182,21071846,80551652,7758050,125881822,285497362
2026-06-26,인천광역시 강화군,0,413400,8219913,50973429,25790490,91224500,10696250,144007775,331325757
2026-06-27,인천광역시 강화군,0,2054950,6544330,50971597,31604806,166600860,5662000,193391238,456829781
2026-06-28,인천광역시 강화군,0,737750,1202800,43795279,23070920,127902320,4588600,128660269,329957938
2026-06-29,인천광역시 강화군,0,521000,11343070,42106972,23898380,71760465,12796500,138715006,301141393
2026-06-30,인천광역시 강화군,0,470200,8400390,51205403,25444720,75541294,19232539,140474703,320769249
2026-06-01,인천광역시 계양구,0,2882500,72220408,160695961,94998340,247411251,330182070,874100418,1782490948
2026-06-02,인천광역시 계양구,0,1004000,59969375,150241886,94693424,329461999,227428000,823092205,1685890889
2026-06-03,인천광역시 계양구,0,1245300,23698710,168504769,94357733,452138401,74538000,799812500,1614295413
2026-06-04,인천광역시 계양구,0,1038000,57746297,132833157,85705106,247877768,175561840,675102291,1375864459
2026-06-05,인천광역시 계양구,0,1711900,65134895,173629624,93218872,369024957,178842031,892134613,1773696892
2026-06-06,인천광역시 계양구,0,1373200,19862030,173713504,88746230,460056764,53934683,780142056,1577828467
2026-06-07,인천광역시 계양구,0,754900,8582364,148812451,81528912,355540622,31642880,521131718,1147993847
2026-06-08,인천광역시 계양구,0,572000,73683495,148094981,85713230,248748251,140090583,714931647,1411834187
2026-06-09,인천광역시 계양구,0,375000,57875320,143798040,86554170,269517374,114488920,685685494,1358294318
2026-06-10,인천광역시 계양구,0,2365119,51283090,144013172,87526820,304981021,116291400,734618866,1441079488
2026-06-11,인천광역시 계양구,0,556500,59324385,157477059,89655857,296015365,91758810,707974366,1402762342
2026-06-12,인천광역시 계양구,0,1931500,61691800,179426396,94494082,367651650,89210510,774333833,1568739771
2026-06-13,인천광역시 계양구,0,1034800,47832311,195959533,91609620,483238503,44945800,845434695,1710055262
2026-06-14,인천광역시 계양구,0,581500,8075750,173900390,84853983,384215981,24325400,519368723,1195321727
2026-06-15,인천광역시 계양구,0,1220000,63240177,147784878,88151820,247229748,83930711,647606080,1279163414
2026-06-16,인천광역시 계양구,0,666000,53474168,150863724,85895750,267876315,67228600,671764388,1297768945
2026-06-17,인천광역시 계양구,0,312500,47330080,153027088,85102410,283897111,76228100,648239175,1294136464
2026-06-18,인천광역시 계양구,0,635600,48504880,219991197,87369290,284438682,59665005,655405987,1356010641
2026-06-19,인천광역시 계양구,0,1529000,48598690,202925425,90315845,310761063,64219500,641462440,1359811963
2026-06-20,인천광역시 계양구,0,1398000,45061950,192326532,81325235,420597684,41611400,713619642,1495940443
2026-06-21,인천광역시 계양구,0,810100,9424670,148203043,82238500,368522877,19764640,523697822,1152661652
2026-06-22,인천광역시 계양구,0,844300,62568829,107548218,81072232,232647999,96531291,649640039,1230852908
2026-06-23,인천광역시 계양구,0,266000,50674180,104765321,79470250,250269590,79582400,608417188,1173444929
2026-06-24,인천광역시 계양구,0,371500,47321649,97444085,81595430,262454938,104617365,617963344,1211768311
2026-06-25,인천광역시 계양구,0,467500,49840963,89335550,80724470,257831954,112209500,601852030,1192261967
2026-06-26,인천광역시 계양구,0,642000,55079060,112935598,84214372,319906038,117368800,717208677,1407354545
2026-06-27,인천광역시 계양구,0,817900,48887382,105006567,83617864,413818302,60622100,725781587,1438551702
2026-06-28,인천광역시 계양구,0,1205800,7144610,98276082,76033600,339042441,31981320,473207602,1026891455
2026-06-29,인천광역시 계양구,0,393460,59070190,86582196,83849131,213755273,142834260,623745089,1210229599
2026-06-30,인천광역시 계양구,0,487000,56125373,92395997,94940964,245271815,146478950,696654880,1332354979
2026-06-01,인천광역시 남동구,244000,557000,180883611,359028089,174430782,522180661,1013668155,1905486420,4156478718
2026-06-02,인천광역시 남동구,90000,878700,147145859,323492759,175289231,696434614,705904418,1816916510,3866152091
2026-06-03,인천광역시 남동구,132000,1172600,51624264,357515997,179732608,930197973,162940841,1863748100,3547064383
2026-06-04,인천광역시 남동구,7000,683200,144854320,288725537,158732618,533303761,450910135,1556149078,3133365649
2026-06-05,인천광역시 남동구,44000,673700,158481588,369808703,179167350,768821353,456336927,1894186941,3827520562
2026-06-06,인천광역시 남동구,103000,1825500,46817272,371613774,169844218,1010632427,151487669,1872622645,3624946505
2026-06-07,인천광역시 남동구,193500,1289580,23315134,297103127,154925708,730655740,74514694,1029627615,2311625098
2026-06-08,인천광역시 남동구,113000,651000,173917948,307999042,168469970,533246454,361216160,1580605377,3126218951
2026-06-09,인천광역시 남동구,34000,847000,142475443,296590546,164616958,580372228,281820315,1467880425,2934636915
2026-06-10,인천광역시 남동구,20000,654000,124632333,302623373,169211983,638012027,269572722,1528344547,3033070985
2026-06-11,인천광역시 남동구,68000,576000,140335434,316940247,172165589,613819503,203674277,1522540708,2970119758
2026-06-12,인천광역시 남동구,52000,616200,136472531,360667290,182356400,767245120,168648200,1751206835,3367264576
2026-06-13,인천광역시 남동구,162000,1993500,129028913,395468139,175621030,1034519380,99981680,2119118669,3955893311
2026-06-14,인천광역시 남동구,71000,942000,17105620,351553150,164593056,793500243,53419960,1150125487,2531310516
2026-06-15,인천광역시 남동구,14000,1114600,150075630,314617472,170450608,521811055,171832502,1465390636,2795306503
2026-06-16,인천광역시 남동구,35000,550000,128976931,296632369,162541541,560954588,143209100,1415637523,2708537052
2026-06-17,인천광역시 남동구,46500,1078100,121667671,291243437,166513288,592886822,140904591,1417677791,2732018200
2026-06-18,인천광역시 남동구,0,1005200,129649037,431279648,166835920,578469596,136922700,1446282633,2890444734
2026-06-19,인천광역시 남동구,17000,1267500,126035859,436881546,173181814,660250133,125609443,1496295833,3019539128
2026-06-20,인천광역시 남동구,78000,1472955,107038778,395415774,154645010,920853234,80506520,1704622678,3364632949
2026-06-21,인천광역시 남동구,111000,1288700,25401320,298628778,158629640,751403682,41377500,1065782618,2342623238
2026-06-22,인천광역시 남동구,90000,606500,147877615,225253393,157347403,491854293,189969120,1370444456,2583442780
2026-06-23,인천광역시 남동구,16000,257000,127702032,206787840,155837811,509693664,175078827,1330515409,2505888583
2026-06-24,인천광역시 남동구,23000,269200,105975823,190150422,153085700,551750591,177988373,1304431424,2483674533
2026-06-25,인천광역시 남동구,57000,442800,125624137,189928206,153935230,543967462,240184514,1313076182,2567215531
2026-06-26,인천광역시 남동구,69000,710500,130922689,204629248,162424239,686545161,254952687,1531164261,2971417785
2026-06-27,인천광역시 남동구,87000,1522000,113618086,219862383,157298999,886295499,131732539,1784087731,3294504237
2026-06-28,인천광역시 남동구,63000,517800,18690472,211562258,147098836,721696991,60544400,982563936,2142737693
2026-06-29,인천광역시 남동구,43000,624500,143812420,184414013,157544227,444599554,315086189,1386871424,2632995327
2026-06-30,인천광역시 남동구,30000,264500,152479255,179448320,184014266,518414048,382320696,1527937405,2944908490
2026-06-01,인천광역시 동구,0,40000,20442450,47447601,22061150,48934379,69317850,196628052,404871482
2026-06-02,인천광역시 동구,11000,120000,19624780,44393658,22082430,61105661,46681200,182452671,376471400
2026-06-03,인천광역시 동구,8000,87015,4641680,41080540,20604990,72953311,2120400,160032414,301528350
2026-06-04,인천광역시 동구,5000,0,14806012,40169734,19096020,47608277,33860707,155434991,310980741
2026-06-05,인천광역시 동구,11500,90000,19564720,49798161,21374250,64057445,42180000,189551642,386627718
2026-06-06,인천광역시 동구,32500,150000,5471254,43254068,20434430,83275776,3553400,167087720,323259148
2026-06-07,인천광역시 동구,11500,157000,2079800,37062515,18566710,55016950,4519420,111592638,229006533
2026-06-08,인천광역시 동구,0,0,21358710,37264601,20787180,47290530,30540100,183409210,340650331
2026-06-09,인천광역시 동구,6000,192000,17775024,35929186,19294240,51937960,24094800,150099522,299328732
2026-06-10,인천광역시 동구,13000,0,14300640,40766714,21487100,59844468,30438000,162246626,329096548
2026-06-11,인천광역시 동구,11000,37000,15510050,41841375,21144570,56789004,22209900,161695319,319238218
2026-06-12,인천광역시 동구,11000,0,14723870,43957414,22328280,63360590,19004567,157272880,320658601
2026-06-13,인천광역시 동구,36500,97000,11120100,47602675,20857470,79614077,8501800,179938263,347767885
2026-06-14,인천광역시 동구,10000,55000,1666000,32502069,16508030,58749300,1457500,110125542,221073441
2026-06-15,인천광역시 동구,0,30000,16037832,39645871,19107670,46545344,20481400,143758244,285606361
2026-06-16,인천광역시 동구,16500,0,13481610,39427122,19951300,51587422,14474900,144566512,283505366
2026-06-17,인천광역시 동구,19000,30000,11562450,39555959,20692420,53393130,15345900,138031795,278630654
2026-06-18,인천광역시 동구,26000,47000,16522660,51618987,19650150,53257736,12958500,137013355,291094388
2026-06-19,인천광역시 동구,6000,20000,13042340,55900396,22251370,56438633,13274900,151901384,312835023
2026-06-20,인천광역시 동구,17000,80000,8714183,39588485,18866640,68188718,6535280,143494726,285485032
2026-06-21,인천광역시 동구,21000,120000,2169700,30749441,18947610,53395523,2458500,100956971,208818745
2026-06-22,인천광역시 동구,0,0,14939740,27144114,18873102,41775775,18286350,141437671,262456752
2026-06-23,인천광역시 동구,7100,105000,14267190,21047925,17484860,45945350,9381820,120549515,228788760
2026-06-24,인천광역시 동구,11000,60000,11955860,23812112,18298400,47375580,11508200,128605010,241626162
2026-06-25,인천광역시 동구,16500,45000,24041660,19519221,19859720,45596801,14884820,119951110,243914832
2026-06-26,인천광역시 동구,11000,140000,13891200,22234223,20496126,54716578,14223000,145963605,271675732
2026-06-27,인천광역시 동구,17500,40000,11101790,20323286,18795820,65887770,5728500,147088125,268982791
2026-06-28,인천광역시 동구,22000,0,1247000,15996605,17744160,53616130,1900000,98829397,189355292
2026-06-29,인천광역시 동구,0,45000,17436530,17193174,19613930,36645482,20669400,137051037,248654553
2026-06-30,인천광역시 동구,15000,185000,14843320,19272785,25571920,47994889,21780025,139044007,268706946
2026-06-01,인천광역시 미추홀구,206000,1935000,132025651,291549981,177978370,428982660,485215483,1406172687,2924065832
2026-06-02,인천광역시 미추홀구,171000,627000,104178148,274080600,180024610,554132444,352469928,1315541050,2781224780
2026-06-03,인천광역시 미추홀구,438000,1012100,38199100,305282020,181507092,701301316,60787700,1195101647,2483628975
2026-06-04,인천광역시 미추홀구,260000,1430000,113430597,239407305,163705180,430942085,237815400,1128512618,2315503185
2026-06-05,인천광역시 미추홀구,477000,727500,115155110,295714715,175929542,605858571,231318142,1364027476,2789208056
2026-06-06,인천광역시 미추홀구,582000,1689500,32884900,306747736,176259480,736724799,52975300,1163125648,2470989363
2026-06-07,인천광역시 미추홀구,384000,464000,15852772,267398294,157526830,529887235,28682700,736716505,1736912336
2026-06-08,인천광역시 미추홀구,158000,293000,133075403,248473115,164215050,433408383,183634253,1179503844,2342761048
2026-06-09,인천광역시 미추홀구,174000,943500,100098811,233455996,165963474,452388549,153913768,1117576628,2224514726
2026-06-10,인천광역시 미추홀구,217000,643000,93322279,245875513,170412510,511027685,154639450,1099271107,2275408544
2026-06-11,인천광역시 미추홀구,207000,705000,94600109,256300307,168693032,505128723,121194740,1135648534,2282477445
2026-06-12,인천광역시 미추홀구,127000,625001,100125096,280591857,176895970,585473172,105112900,1218298890,2467249886
2026-06-13,인천광역시 미추홀구,449000,1823000,88580135,321335591,176185958,740238242,53742450,1299116970,2681471346
2026-06-14,인천광역시 미추홀구,382000,881000,15716260,289925002,164330194,577889912,18168800,803191305,1870484473
2026-06-15,인천광역시 미추홀구,76000,363000,108352753,246992262,166806470,420014048,125516212,1068883939,2137004684
2026-06-16,인천광역시 미추홀구,103000,418000,91524328,250645800,163594360,447415818,106263710,1051803175,2111768191
2026-06-17,인천광역시 미추홀구,119000,541250,83119341,245835757,165755965,474781399,91016320,1023002446,2084171478
2026-06-18,인천광역시 미추홀구,156000,474000,91760129,339207650,165594520,469490109,87679330,1010817018,2165178756
2026-06-19,인천광역시 미추홀구,263000,922000,91065160,339474548,165653622,527966786,76895677,1066895263,2269136056
2026-06-20,인천광역시 미추홀구,322000,942800,74275260,317926973,153254024,674249852,36330950,1064411510,2321713369
2026-06-21,인천광역시 미추홀구,260000,1068000,16532401,243515767,153854973,556469496,20502800,758633690,1750837127
2026-06-22,인천광역시 미추홀구,101000,1058100,108147770,176699172,155155085,385577673,103061700,994830109,1924630609
2026-06-23,인천광역시 미추홀구,134000,1001000,84869196,159306914,149806787,407025241,98429019,974283273,1874855430
2026-06-24,인천광역시 미추홀구,117000,455300,77375286,150722154,148802870,429274029,97970430,958562804,1863279873
2026-06-25,인천광역시 미추홀구,81000,186300,83089073,137988729,149401830,429578755,128023000,933131837,1861480524
2026-06-26,인천광역시 미추홀구,403000,590000,94608206,159149199,152428500,527328102,116019116,1086804118,2137330241
2026-06-27,인천광역시 미추홀구,454000,1568500,70548741,153052382,154776130,644922702,51767290,1103077273,2180167018
2026-06-28,인천광역시 미추홀구,349000,307000,16257300,138948106,143670350,503443820,26207010,692952341,1522134927
2026-06-29,인천광역시 미추홀구,65000,353500,103027752,124431838,146249820,350430569,150389417,976537079,1851484975
2026-06-30,인천광역시 미추홀구,129000,423000,101766259,129067406,168448650,388610331,165588890,1040280484,1994314020
2026-06-01,인천광역시 부평구,52000,455500,183940460,294171907,162271931,463502652,632844092,1632674621,3369913163
2026-06-02,인천광역시 부평구,70000,633900,147630844,275506477,163331109,603664977,476737189,1574803075,3242377571
2026-06-03,인천광역시 부평구,142500,1357000,45786067,326354772,162704072,790216767,130983302,1597199079,3054743559
2026-06-04,인천광역시 부평구,84000,485000,149436368,246815453,149238419,450911258,328864813,1307062827,2632898138
2026-06-05,인천광역시 부평구,117000,837000,158116741,308181368,165224750,676133942,344930127,1675719626,3329260554
2026-06-06,인천광역시 부평구,56000,1494500,44116890,341889598,156609561,853462793,134030275,1555860795,3087520412
2026-06-07,인천광역시 부평구,7000,857100,22825713,284057233,141280208,608979512,71126341,931521243,2060654350
2026-06-08,인천광역시 부평구,64000,804100,173299656,257571849,152845881,454198100,279037924,1377316964,2695138474
2026-06-09,인천광역시 부평구,63000,832000,149194740,254939284,147530926,482546442,205048695,1339804428,2579959515
2026-06-10,인천광역시 부평구,54000,737000,139540859,270611381,153953506,542059595,210155018,1401675488,2718786847
2026-06-11,인천광역시 부평구,0,506900,130461331,273250219,153971454,543276396,174704520,1350415463,2626586283
2026-06-12,인천광역시 부평구,12000,776000,142645722,300168329,163968764,671961216,149124640,1520030367,2948687038
2026-06-13,인천광역시 부평구,30000,1602000,124055120,361894466,159989690,884227572,78679650,1712780556,3323259054
2026-06-14,인천광역시 부평구,74000,1154000,20876210,318447886,157703153,669502003,37062790,1015362914,2220182956
2026-06-15,인천광역시 부평구,59000,846900,152276260,260050685,155155032,456405371,162214133,1283354599,2470361980
2026-06-16,인천광역시 부평구,0,898025,133068885,255593202,151795790,481604755,133604620,1240927697,2397492974
2026-06-17,인천광역시 부평구,78000,729100,118479780,253897326,149998642,517319269,111981030,1237113409,2389596556
2026-06-18,인천광역시 부평구,17000,759000,132598323,362835322,150453309,500269156,119297207,1237733516,2503962833
2026-06-19,인천광역시 부평구,54000,1320000,130338068,354055097,157489901,584855562,132053920,1286874880,2647041428
2026-06-20,인천광역시 부평구,41000,1237370,103500789,370739207,143725830,780960984,71561270,1420082210,2891848660
2026-06-21,인천광역시 부평구,112000,842000,19126828,268186103,145112310,653602408,39847200,994575512,2121404361
2026-06-22,인천광역시 부평구,24000,408010,154067896,190987431,146943683,425034284,180144501,1221826775,2319436580
2026-06-23,인천광역시 부평구,36000,659000,126297130,179582934,139148103,454375109,175103684,1174078246,2249280206
2026-06-24,인천광역시 부평구,0,281000,127369039,172836912,139521806,486375336,159951330,1175309736,2261645159
2026-06-25,인천광역시 부평구,0,1209000,122422212,146996754,145302686,477973945,222018920,1139482886,2255406403
2026-06-26,인천광역시 부평구,25000,1111100,132169305,180572463,148648751,612369788,252025066,1353645178,2680566651
2026-06-27,인천광역시 부평구,59000,1958700,108019102,197801882,145803624,779732379,125325574,1486372445,2845072706
2026-06-28,인천광역시 부평구,115000,1350100,20174610,170682540,136208730,605361899,59048000,924940407,1917881286
2026-06-29,인천광역시 부평구,0,441000,156266317,147586148,141763080,394653970,276005391,1193284628,2310000534
2026-06-30,인천광역시 부평구,0,768050,150329921,144096182,167100638,460659247,327875331,1337006268,2587835637
2026-06-01,인천광역시 서구,545750,895840,200603983,548766077,223869671,677429179,2040290009,2266531742,5958932251
2026-06-02,인천광역시 서구,806550,1689050,164592110,513554407,228920720,892081332,1236626257,2104310510,5142580936
2026-06-03,인천광역시 서구,1824050,1245100,87694910,553858818,226127280,1252711542,330606665,2142120584,4596188949
2026-06-04,인천광역시 서구,471400,1269800,154292132,464562990,204430896,674652921,815944454,1795648099,4111272692
2026-06-05,인천광역시 서구,897400,2048740,175182813,574034545,226656412,1025051729,825706738,2116771761,4946350138
2026-06-06,인천광역시 서구,1850580,2365300,78784811,575282231,215633780,1312675774,285202090,2021115548,4492910114
2026-06-07,인천광역시 서구,1182500,973810,40812200,472950471,193032460,958438517,154061462,1314655129,3136106549
2026-06-08,인천광역시 서구,368000,1315614,196533426,477995243,213861870,666464017,600499347,1742679296,3899716813
2026-06-09,인천광역시 서구,517250,1293480,160985552,465281062,210989985,742187856,483185261,1692396088,3756836534
2026-06-10,인천광역시 서구,625000,1184130,142102365,480363920,216764484,810298344,435747983,1756055495,3843141721
2026-06-11,인천광역시 서구,345500,1276850,139974523,488958235,220591914,814896378,368743157,1733782980,3768569537
2026-06-12,인천광역시 서구,474750,2042051,155982466,558221925,230332258,995655935,325151610,1896597390,4164458385
2026-06-13,인천광역시 서구,972250,2026940,151459414,617395965,224581971,1356027469,165807201,2210455618,4728726828
2026-06-14,인천광역시 서구,881550,1448130,51083990,527162283,205763725,1062454892,79768140,1454784115,3383346825
2026-06-15,인천광역시 서구,287500,1514200,170987256,478183734,217735064,647203021,300565514,1616845993,3433322282
2026-06-16,인천광역시 서구,237250,741900,144719478,461635384,210894772,712328242,295191784,1626404410,3452153220
2026-06-17,인천광역시 서구,600250,1731930,140552807,471938719,215060580,750030898,259881109,1579208448,3419004741
2026-06-18,인천광역시 서구,497650,1001500,127305418,667640698,213102132,746034599,245960555,1636244783,3637787335
2026-06-19,인천광역시 서구,703400,1470680,147195837,667345311,218929815,873020778,292738013,1728990006,3930393840
2026-06-20,인천광역시 서구,1465980,2062360,133883190,608191831,197393550,1237718540,165676200,1943704752,4290096403
2026-06-21,인천광역시 서구,1173500,1378108,43713573,449156180,195611212,1045823628,93704300,1422619135,3253179636
2026-06-22,인천광역시 서구,528780,850120,169164686,350357590,200689282,627708440,423404026,1565459702,3338162626
2026-06-23,인천광역시 서구,449500,1204610,136464692,308764576,199083293,657616096,409560734,1508268278,3221411779
2026-06-24,인천광역시 서구,380000,1650560,131201047,298369186,196839505,703729598,450121850,1545926959,3328218705
2026-06-25,인천광역시 서구,184900,784420,129759771,275132171,196881343,688659443,584083350,1510132824,3385618222
2026-06-26,인천광역시 서구,476500,2193490,151793419,311442154,207164340,909639696,627364837,1791071138,4001145574
2026-06-27,인천광역시 서구,929300,2480550,146860032,309856174,194248122,1174140285,317010636,1939279243,4084804342
2026-06-28,인천광역시 서구,1185850,1197900,50589225,296094687,189693580,943002640,183817010,1352362203,3017943095
2026-06-29,인천광역시 서구,528450,1090140,163225191,264476619,199031714,575787212,655938402,1554735869,3414813597
2026-06-30,인천광역시 서구,275650,1235450,179107306,285071169,245361698,687998217,902767281,1868726198,4170542969
2026-06-01,인천광역시 연수구,93850,1493050,117480893,254145745,122152090,418893052,1501578947,1623610943,4039448570
2026-06-02,인천광역시 연수구,218660,941800,103998860,239302870,126062292,561676309,1034414434,1469326224,3535941449
2026-06-03,인천광역시 연수구,581800,1178650,40533930,265819015,126039533,833908367,450883023,1419748749,3138693067
2026-06-04,인천광역시 연수구,283300,821100,100607757,214323987,115297470,425449836,642183876,1261211357,2760178683
2026-06-05,인천광역시 연수구,243300,1401950,114347020,269431653,127608460,622743414,674185121,1498062818,3308023736
2026-06-06,인천광역시 연수구,706810,1414350,31017860,283495222,127814470,877760171,460002468,1289418579,3071629930
2026-06-07,인천광역시 연수구,240900,716835,14936720,241553683,112483867,620480111,282148975,806669126,2079230217
2026-06-08,인천광역시 연수구,127200,489300,120215533,218241204,118824477,404326172,453271578,1207812252,2523307716
2026-06-09,인천광역시 연수구,30300,1007160,102570039,216814483,118826090,446259637,346588020,1206870346,2438966075
2026-06-10,인천광역시 연수구,129300,686307,85131138,215866140,122658018,491312228,363144725,1226584127,2505511983
2026-06-11,인천광역시 연수구,105200,547510,92012786,243375902,123816484,491153097,261157410,1197463009,2409631398
2026-06-12,인천광역시 연수구,267750,540330,97293100,267418415,136341991,605503624,250586056,1374571654,2732522920
2026-06-13,인천광역시 연수구,227900,1842100,85875244,309033239,127432910,883637568,230791433,1498268010,3137108404
2026-06-14,인천광역시 연수구,283650,1120100,14886060,275108799,119692474,721635155,119934700,942907355,2195568293
2026-06-15,인천광역시 연수구,18450,1008000,96327756,228948338,121948050,401813190,220774004,1149578429,2220416217
2026-06-16,인천광역시 연수구,110800,275950,87151796,208899573,121039320,438971264,210814176,1116598991,2183861870
2026-06-17,인천광역시 연수구,178550,811000,83667153,219329099,120461730,478962990,188303824,1121241041,2212955387
2026-06-18,인천광역시 연수구,150700,632000,84798040,347405607,120973540,487757067,203990925,1128924766,2374632645
2026-06-19,인천광역시 연수구,186750,1296260,90091011,337191995,126438370,560223013,184912010,1260412172,2560751581
2026-06-20,인천광역시 연수구,371500,1794160,80516532,298271728,111472930,783238065,176004280,1331423825,2783093020
2026-06-21,인천광역시 연수구,367600,1902400,18837730,205655178,114557319,671162944,108991678,890167273,2011642122
2026-06-22,인천광역시 연수구,111050,527850,107056186,148922514,112353030,380197657,265690473,1090098928,2104957688
2026-06-23,인천광역시 연수구,105880,1136500,86793218,131239359,112256544,421156962,286380305,1066317049,2105385817
2026-06-24,인천광역시 연수구,58900,547950,81534605,119110195,111750120,451409149,336444024,1118330155,2219185098
2026-06-25,인천광역시 연수구,34800,521450,81732413,117817927,110262607,432154860,420219625,1078681509,2241425191
2026-06-26,인천광역시 연수구,195270,1972560,93192608,133780338,119517890,565744227,444073562,1289106076,2647582531
2026-06-27,인천광역시 연수구,428650,1817500,77473513,124747201,122279382,776531888,347801714,1345699481,2796779329
2026-06-28,인천광역시 연수구,146650,1229280,19804870,105025915,113517430,635115528,197327120,849142900,1921309693
2026-06-29,인천광역시 연수구,49700,1008050,107953938,104478153,115654964,370764932,534536125,1217700806,2452146668
2026-06-30,인천광역시 연수구,88800,974560,117246516,107520854,140470355,450432823,758694791,1449614632,3025043331
2026-06-01,인천광역시 옹진군,0,1323500,903020,9936747,7438330,16233240,414000,30078760,66327597
2026-06-02,인천광역시 옹진군,0,1202000,783570,10281600,8595620,18394040,420000,28937590,68614420
2026-06-03,인천광역시 옹진군,0,1075000,522720,9499500,7922960,27305422,0,36568680,82894282
2026-06-04,인천광역시 옹진군,0,2940000,625760,7828430,6978520,17874180,1015000,26511320,63773210
2026-06-05,인천광역시 옹진군,0,610000,529400,13234258,8056550,18304203,150000,31330700,72215111
2026-06-06,인천광역시 옹진군,0,666500,737500,7230468,9771850,27634263,0,41065810,87106391
2026-06-07,인천광역시 옹진군,0,368500,140260,4022721,6869870,17479049,0,25186190,54066590
2026-06-08,인천광역시 옹진군,0,1456500,777380,8492057,6694580,13100770,1690000,30288965,62500252
2026-06-09,인천광역시 옹진군,0,612600,639550,11167210,6652110,17240290,152000,22920888,59384648
2026-06-10,인천광역시 옹진군,0,503500,688039,9172258,7452970,17336509,1052000,27022175,63227451
2026-06-11,인천광역시 옹진군,0,1830000,245700,8035511,7058240,17107310,290000,24818470,59385231
2026-06-12,인천광역시 옹진군,0,1020500,722060,10614291,7074680,18112700,150000,26750490,64444721
2026-06-13,인천광역시 옹진군,0,894500,456700,8859902,9215730,27506887,0,35546790,82480509
2026-06-14,인천광역시 옹진군,0,773000,335200,4097967,7828280,20250900,0,23905300,57190647
2026-06-15,인천광역시 옹진군,0,870000,418660,10243950,6281245,14339550,781000,25497670,58432075
2026-06-16,인천광역시 옹진군,0,862000,540900,6543503,7149140,14787450,580000,26096110,56559103
2026-06-17,인천광역시 옹진군,0,776000,400600,8099145,7238620,14052256,734000,24727963,56028584
2026-06-18,인천광역시 옹진군,0,777000,280520,10250510,6234520,17728299,0,22194570,57465419
2026-06-19,인천광역시 옹진군,0,930000,431740,11098602,6353480,16446890,630000,25700900,61591612
2026-06-20,인천광역시 옹진군,0,950000,287000,7956266,6623510,18900150,0,24278055,58994981
2026-06-21,인천광역시 옹진군,0,658000,134700,5224420,7217520,18309436,0,24846755,56390831
2026-06-22,인천광역시 옹진군,0,1315000,460200,7684616,6230890,13929370,0,24175240,53795316
2026-06-23,인천광역시 옹진군,0,225000,327150,6770260,6520340,13665430,0,20765580,48273760
2026-06-24,인천광역시 옹진군,0,544000,287030,7075109,5740250,13370800,292000,21492614,48801803
2026-06-25,인천광역시 옹진군,0,640000,574120,7680867,6601830,13687921,450000,24871890,54506628
2026-06-26,인천광역시 옹진군,0,465000,603600,10912490,7439560,14357144,630000,24149480,58557274
2026-06-27,인천광역시 옹진군,0,734000,302200,6273093,7602420,22480204,0,31243682,68635599
2026-06-28,인천광역시 옹진군,0,618000,180850,4185550,5839640,17432710,0,24121284,52378034
2026-06-29,인천광역시 옹진군,0,570000,412490,7286090,6157670,11004824,145000,20301332,45877406
2026-06-30,인천광역시 옹진군,0,1350000,268500,10414224,5477060,13047776,145000,19852740,50555300
2026-06-01,인천광역시 중구,71000,569300,38892488,179420566,75054460,232029394,371933340,591256340,1489226888
2026-06-02,인천광역시 중구,162110,1937690,35863094,159163695,77897030,278865028,250921608,570242854,1375053109
2026-06-03,인천광역시 중구,378500,2057940,11242640,179713535,79563900,475288932,81062400,661359365,1490667212
2026-06-04,인천광역시 중구,122000,835570,34296950,145329480,69107148,224032888,156244542,491337140,1121305718
2026-06-05,인천광역시 중구,73500,1715520,33612460,183834850,78378110,322960040,148793044,601247866,1370615390
2026-06-06,인천광역시 중구,198500,1684290,9337290,184938096,80292745,510358534,40043400,661822047,1488674902
2026-06-07,인천광역시 중구,180250,1180200,5864445,156127112,66757750,355457453,12885300,408305190,1006757700
2026-06-08,인천광역시 중구,34250,1022725,43827889,156714153,69576020,223660779,106897210,494393339,1096126365
2026-06-09,인천광역시 중구,11000,660000,31427978,144387220,72960520,234213787,77967501,473492236,1035120242
2026-06-10,인천광역시 중구,88000,520500,28751169,154980493,72192400,261927962,72244350,503504816,1094209690
2026-06-11,인천광역시 중구,53500,1813420,29537515,160080562,69619460,272845740,46979584,510497294,1091427075
2026-06-12,인천광역시 중구,23000,2258480,32368267,178621455,78892057,323460596,45255400,554119007,1214998262
2026-06-13,인천광역시 중구,83000,4635920,22794130,195186158,79421690,502580459,30366650,705725830,1540793837
2026-06-14,인천광역시 중구,71500,2237100,5864828,184442430,75040230,419569424,8800300,503701495,1199727307
2026-06-15,인천광역시 중구,54000,931200,34637821,153404810,70509300,227138140,44516811,427829993,959022075
2026-06-16,인천광역시 중구,12500,1156400,32125383,151086669,71674330,231044903,42940800,449997551,980038536
2026-06-17,인천광역시 중구,84500,1312140,26946720,151504398,70426120,254895704,40143650,456065613,1001378845
2026-06-18,인천광역시 중구,96500,1137620,29934963,243755287,73207770,250997759,46726400,450807296,1096663595
2026-06-19,인천광역시 중구,79500,794047,26235323,230222774,73120080,272106696,51201766,464112889,1117873075
2026-06-20,인천광역시 중구,193500,1662700,19179260,187212833,66698400,394013551,20661000,528777208,1218398452
2026-06-21,인천광역시 중구,151250,1289120,5400000,126056246,70157030,383062594,8141100,433065216,1027322556
2026-06-22,인천광역시 중구,47000,443700,35512928,99183536,65215432,212925990,49446200,415955952,878730738
2026-06-23,인천광역시 중구,67000,1816250,27701151,92284610,65981278,217800356,56033173,411779093,873462911
2026-06-24,인천광역시 중구,16500,676795,31090122,83225546,66589228,243182317,66226050,403875049,894881607
2026-06-25,인천광역시 중구,15000,3192150,25873764,83658588,64765510,240510285,100054500,415496955,933566752
2026-06-26,인천광역시 중구,27890,635800,26222297,88607525,72784221,286568381,104066600,503390386,1082303100
2026-06-27,인천광역시 중구,167900,2469325,19778678,95695406,69071250,427381061,36812030,586551085,1237926735
2026-06-28,인천광역시 중구,120500,1327520,4297760,87034605,65584310,365507795,22400500,390067341,936340331
2026-06-29,인천광역시 중구,52500,1414600,29234189,79369017,63411720,201954524,112048191,407464116,894948857
2026-06-30,인천광역시 중구,42000,1586900,30760974,84319224,78047290,222147123,164234953,488566701,1069705165
2026-06-01,기타,0,0,1389300,20000,129800,2870224,9378000,22250277,36037601
2026-06-02,기타,0,0,1233000,130000,129950,2981800,11857400,25329674,41661824
2026-06-03,기타,0,0,1335800,0,114900,4739000,2755200,17208715,26153615
2026-06-04,기타,0,0,1702740,80000,139850,2076200,4807000,23523794,32329584
2026-06-05,기타,0,0,1349430,50000,163910,2970100,4690000,22106667,31330107
2026-06-06,기타,0,0,1234000,0,125250,3426600,522500,14605263,19913613
2026-06-07,기타,0,0,1051500,60000,241850,3083950,1294000,10654870,16386170
2026-06-08,기타,0,0,1683260,50000,119800,3343200,2723000,21051755,28971015
2026-06-09,기타,0,0,881800,0,313750,2590800,2400000,21715749,27902099
2026-06-10,기타,0,0,1050240,289475,76300,3622800,1510000,21121501,27670316
2026-06-11,기타,0,0,1006250,0,269430,2515300,2665000,25436411,31892391
2026-06-12,기타,0,0,1111810,0,184600,3347300,1015000,16695482,22354192
2026-06-13,기타,0,0,921800,3000,213600,3685200,805000,18693254,24321854
2026-06-14,기타,0,0,1101800,0,175870,2995500,15000,11241745,15529915
2026-06-15,기타,0,0,1304840,60000,225720,2918800,850000,30308837,35668197
2026-06-16,기타,0,0,774100,50000,232700,3004700,540000,31431570,36033070
2026-06-17,기타,0,0,3000,231900,165240,3094000,0,31864747,35358887
2026-06-18,기타,0,0,0,160000,254350,3157000,2130000,25296740,30998090
2026-06-19,기타,0,0,0,0,156350,2956400,0,24375013,27487763
2026-06-20,기타,0,0,0,130000,141600,3978877,0,13704690,17955167
2026-06-21,기타,0,0,3000,110000,197650,3741400,900000,13289850,18241900
2026-06-22,기타,0,0,0,110000,166250,2797900,600000,29647165,33321315
2026-06-23,기타,0,0,0,0,143200,2803000,910000,32883470,36739670
2026-06-24,기타,0,0,0,0,195680,1899100,1640000,26938920,30673700
2026-06-25,기타,0,0,0,0,146500,2789500,2040000,27522060,32498060
2026-06-26,기타,0,0,0,0,131600,2727600,2610000,24866230,30335430
2026-06-27,기타,0,0,0,0,209650,3823500,740000,14916800,19689950
2026-06-28,기타,0,0,0,227215,169250,3117400,540000,8113175,12167040
2026-06-29,기타,0,0,0,43000,366000,2506600,3010000,21346420,27272020
2026-06-30,기타,0,0,0,60000,355800,3037900,2461000,18936660,24851360
