시군명,기준년월,월별신규가입자수(명),월별충전액(백만원),월별사용액(백만원)
가평군,202604,68,4384,4565
가평군,202603,57,4893,4359
가평군,202602,53,3447,3573
가평군,202601,89,4374,3660
가평군,202512,65,2380,2635
가평군,202511,59,3026,3225
가평군,202510,111,2555,3290
가평군,202509,287,6664,4224
가평군,202508,194,2927,2758
가평군,202507,509,3131,2793
가평군,202506,215,3035,2942
가평군,202505,261,3141,3109
가평군,202504,388,3063,3038
가평군,202503,860,3002,3008
가평군,202502,837,2655,2614
가평군,202501,690,2717,2638
가평군,202412,641,2796,3324
가평군,202411,633,2785,2511
가평군,202410,752,2667,2962
가평군,202409,614,2628,1780
가평군,202408,658,2634,1900
가평군,202407,678,2470,2204
가평군,202406,719,2364,1311
가평군,202405,543,2520,1529
가평군,202404,663,2448,1386
가평군,202403,587,2344,1367
가평군,202402,547,2178,602
가평군,202401,552,2154,1667
고양시,202604,3485,7746,7703
고양시,202603,3638,8454,8577
고양시,202602,3287,7382,7296
고양시,202601,4075,7500,7986
고양시,202512,6154,9758,9530
고양시,202511,4522,9055,8895
고양시,202510,4890,6986,6924
고양시,202509,5197,6407,6090
고양시,202508,8496,8481,7095
고양시,202507,13051,9653,3106
고양시,202506,2489,399,1067
고양시,202505,2398,446,1355
고양시,202504,2852,587,1776
고양시,202503,3549,647,2600
고양시,202502,4527,745,3502
고양시,202501,4713,901,6403
고양시,202412,4709,11381,12555
고양시,202411,5880,13886,12311
고양시,202410,7389,10485,11758
고양시,202409,6633,16462,11277
고양시,202408,5088,10091,9543
고양시,202407,4310,10110,8808
고양시,202406,3127,10296,7635
고양시,202405,3331,7843,3789
고양시,202404,2515,654,819
고양시,202403,2400,727,2498
고양시,202402,3021,864,3472
고양시,202401,3827,1264,6727
과천시,202604,783,2438,3479
과천시,202603,1073,3741,6305
과천시,202602,794,7137,5336
과천시,202601,926,3261,5533
과천시,202512,986,7457,6454
과천시,202511,1102,6903,6962
과천시,202510,997,6458,4932
과천시,202509,1207,5628,4541
과천시,202508,1398,3298,3718
과천시,202507,1955,5369,4282
과천시,202506,649,2637,3848
과천시,202505,713,3003,4405
과천시,202504,1079,4107,4529
과천시,202503,1317,3939,4924
과천시,202502,1154,3597,4641
과천시,202501,1202,9788,4814
과천시,202412,779,3411,5521
과천시,202411,940,3199,3813
과천시,202410,1019,2868,4058
과천시,202409,1142,8639,4072
과천시,202408,820,3622,3416
과천시,202407,924,3870,3281
과천시,202406,778,4650,2075
과천시,202405,971,2814,2536
과천시,202404,920,2662,2562
과천시,202403,994,2529,2714
과천시,202402,1299,5721,2611
과천시,202401,838,2502,977
광명시,202604,3450,24519,27864
광명시,202603,3800,23974,29757
광명시,202602,2933,26636,27149
광명시,202601,3483,17407,28753
광명시,202512,3810,40211,30474
광명시,202511,2358,51036,31246
광명시,202510,3767,24919,24813
광명시,202509,4317,20625,19364
광명시,202508,4955,16566,15665
광명시,202507,6165,22800,16410
광명시,202506,1907,13357,14338
광명시,202505,1766,13062,14812
광명시,202504,4557,12763,14992
광명시,202503,10054,12221,15066
광명시,202502,41446,11126,10465
광명시,202501,18264,25873,10754
광명시,202412,2615,4310,8798
광명시,202411,2512,10570,11885
광명시,202410,3024,9884,12920
광명시,202409,2606,17060,13734
광명시,202408,2459,11553,12484
광명시,202407,2201,11216,12383
광명시,202406,1945,10585,12567
광명시,202405,2291,17966,14094
광명시,202404,2436,11772,11748
광명시,202403,2645,9935,11374
광명시,202402,2244,16097,11139
광명시,202401,2481,11604,8169
광주시,202604,1841,7607,8855
광주시,202603,1731,7618,9975
광주시,202602,1643,11547,11179
광주시,202601,2012,11335,11348
광주시,202512,2015,6912,8862
광주시,202511,2037,7152,10569
광주시,202510,3627,15467,11510
광주시,202509,4997,17287,11434
광주시,202508,6902,8562,8694
광주시,202507,8042,11617,9547
광주시,202506,2077,9338,9668
광주시,202505,1652,9553,10190
광주시,202504,2472,9323,9985
광주시,202503,2356,9558,11172
광주시,202502,2470,7801,10544
광주시,202501,2695,17196,10465
광주시,202412,1921,9332,16964
광주시,202411,2015,9284,10557
광주시,202410,2953,8614,11757
광주시,202409,2749,15753,11701
광주시,202408,2100,9958,11102
광주시,202407,1880,10141,11320
광주시,202406,1527,10868,9388
광주시,202405,1651,9350,9607
광주시,202404,1928,9468,10000
광주시,202403,1876,8083,10491
광주시,202402,2413,16471,10987
광주시,202401,2473,8153,9089
구리시,202604,2056,5988,7852
구리시,202603,1903,6364,10762
구리시,202602,1556,15181,10152
구리시,202601,1675,7024,9610
구리시,202512,1970,9084,10479
구리시,202511,1798,10902,10891
구리시,202510,2119,9773,9149
구리시,202509,2792,10216,9012
구리시,202508,3577,11141,7570
구리시,202507,4189,5646,7155
구리시,202506,1313,4478,8047
구리시,202505,1715,16436,9279
구리시,202504,1685,5601,7075
구리시,202503,1794,5796,7963
구리시,202502,1986,4306,7778
구리시,202501,2215,15703,8373
구리시,202412,1399,5952,7251
구리시,202411,1624,5555,7423
구리시,202410,2213,4497,8080
구리시,202409,2143,15385,8418
구리시,202408,1594,5632,7149
구리시,202407,1505,5576,7529
구리시,202406,1480,4460,7695
구리시,202405,1995,14114,8826
구리시,202404,1681,4992,7202
구리시,202403,1842,4510,8014
구리시,202402,2208,15556,8354
구리시,202401,1745,5259,6826
군포시,202604,1674,5936,6367
군포시,202603,1643,6628,8349
군포시,202602,1435,7765,7463
군포시,202601,1851,7311,9341
군포시,202512,2411,10428,10252
군포시,202511,2201,10378,10265
군포시,202510,2385,8813,7881
군포시,202509,3148,10592,7837
군포시,202508,3501,5566,6429
군포시,202507,5217,9192,7614
군포시,202506,1480,6104,7251
군포시,202505,1290,6222,7925
군포시,202504,2207,8789,8225
군포시,202503,2423,8830,8562
군포시,202502,2402,8885,7442
군포시,202501,2259,9333,7303
군포시,202412,1647,6945,7938
군포시,202411,1995,6617,7694
군포시,202410,2467,6176,8202
군포시,202409,2497,12840,8236
군포시,202408,1942,6952,7464
군포시,202407,1811,7318,6970
군포시,202406,1468,8260,7065
군포시,202405,1330,6344,7394
군포시,202404,1816,6203,7706
군포시,202403,1912,5837,8231
군포시,202402,2443,14017,8242
군포시,202401,1861,5906,6023
김포시,202604,2168,8212,9232
김포시,202603,2957,8343,10732
김포시,202602,2115,11965,11122
김포시,202601,1984,9788,12010
김포시,202512,2904,13778,13610
김포시,202511,2781,13708,13128
김포시,202510,3098,13347,10365
김포시,202509,3881,10261,9761
김포시,202508,3206,8998,8592
김포시,202507,10083,11622,9552
김포시,202506,2212,8707,8721
김포시,202505,2038,8762,9034
김포시,202504,3086,8807,8970
김포시,202503,2545,8854,9673
김포시,202502,1871,8711,9182
김포시,202501,2508,10647,9847
김포시,202412,1758,10499,10766
김포시,202411,2102,10383,11179
김포시,202410,2559,11140,11485
김포시,202409,2380,8838,9755
김포시,202408,2501,10750,12105
김포시,202407,2462,11207,12685
김포시,202406,1565,12229,11928
김포시,202405,1534,9791,10740
김포시,202404,9792,9724,10853
김포시,202403,2585,9665,12137
김포시,202402,4000,15151,11700
김포시,202401,2382,9686,10909
남양주시,202604,5992,24957,26109
남양주시,202603,6512,27651,30805
남양주시,202602,5599,33817,26110
남양주시,202601,7215,24002,24384
남양주시,202512,5764,25985,26842
남양주시,202511,5073,25512,27742
남양주시,202510,6854,30367,24385
남양주시,202509,9422,22139,22771
남양주시,202508,12189,20618,19786
남양주시,202507,13856,22065,21661
남양주시,202506,4942,23550,23818
남양주시,202505,4802,22889,24788
남양주시,202504,6085,21749,25049
남양주시,202503,5977,28930,28573
남양주시,202502,5871,26743,25007
남양주시,202501,5885,30711,24129
남양주시,202412,4488,20736,20997
남양주시,202411,5164,19856,20414
남양주시,202410,6006,19186,21911
남양주시,202409,5178,28401,22917
남양주시,202408,5079,20252,20521
남양주시,202407,4752,20014,20073
남양주시,202406,4063,19807,19837
남양주시,202405,4864,20179,20879
남양주시,202404,5108,19473,20502
남양주시,202403,5008,19096,21738
남양주시,202402,4905,26797,21272
남양주시,202401,4957,18927,18978
동두천시,202604,870,1977,2222
동두천시,202603,752,1931,2349
동두천시,202602,554,2747,2118
동두천시,202601,623,1623,2045
동두천시,202512,796,2368,2226
동두천시,202511,709,2109,2139
동두천시,202510,953,2447,1930
동두천시,202509,1334,2446,1720
동두천시,202508,1417,1374,1364
동두천시,202507,2222,1625,1508
동두천시,202506,711,1449,1518
동두천시,202505,597,1563,1664
동두천시,202504,764,1485,1640
동두천시,202503,812,1508,1814
동두천시,202502,699,1141,1691
동두천시,202501,649,2261,1989
동두천시,202412,740,1950,2709
동두천시,202411,726,1843,1809
동두천시,202410,682,1614,1955
동두천시,202409,558,3208,1918
동두천시,202408,551,1476,1480
동두천시,202407,589,1554,997
동두천시,202406,546,1456,1177
동두천시,202405,614,2285,1891
동두천시,202404,666,1284,1657
동두천시,202403,585,1135,1608
동두천시,202402,565,2974,1543
동두천시,202401,487,1160,701
부천시,202604,5713,23318,28428
부천시,202603,5779,33891,31526
부천시,202602,4014,27634,26551
부천시,202601,4422,17764,29052
부천시,202512,5876,35481,31984
부천시,202511,5380,31655,32178
부천시,202510,6987,31553,27356
부천시,202509,9282,44860,25080
부천시,202508,9508,18158,16794
부천시,202507,13827,26147,16483
부천시,202506,3247,14276,11871
부천시,202505,2608,8145,9726
부천시,202504,4503,10999,12814
부천시,202503,4467,13830,15055
부천시,202502,5233,12663,14063
부천시,202501,5710,22025,15592
부천시,202412,2816,3606,8444
부천시,202411,4721,14849,17249
부천시,202410,6305,15308,19390
부천시,202409,6169,26456,20880
부천시,202408,4786,18689,19609
부천시,202407,3861,19628,19602
부천시,202406,2831,21537,19083
부천시,202405,3413,16540,18050
부천시,202404,3662,15782,18216
부천시,202403,5025,15041,20112
부천시,202402,5350,26168,21666
부천시,202401,4858,12573,20301
성남시,202604,14751,30030,31809
성남시,202603,7883,26302,37242
성남시,202602,2746,50071,36162
성남시,202601,7329,20266,34708
성남시,202512,7048,28010,41423
성남시,202511,6841,17742,40310
성남시,202510,11211,69203,46601
성남시,202509,7562,16590,36470
성남시,202508,6043,11766,39450
성남시,202507,15529,10440,51876
성남시,202506,11274,100270,65330
성남시,202505,9885,88236,62579
성남시,202504,9434,58222,50398
성남시,202503,9833,61578,47463
성남시,202502,8831,58185,40831
성남시,202501,18338,88730,31053
성남시,202412,4654,17081,15385
성남시,202411,4320,10041,12741
성남시,202410,5086,10041,14645
성남시,202409,7954,30108,16836
성남시,202408,6109,10048,12297
성남시,202407,4101,10029,13111
성남시,202406,2790,10041,14799
성남시,202405,3838,16095,20175
성남시,202404,3528,15514,20293
성남시,202403,5066,15763,22430
성남시,202402,9493,40021,23002
성남시,202401,7344,15329,18830
수원시,202604,7508,24368,32373
수원시,202603,8186,24933,38875
수원시,202602,8862,64477,39617
수원시,202601,8430,22023,32186
수원시,202512,9616,29849,40562
수원시,202511,8395,30735,49907
수원시,202510,16558,91717,50585
수원시,202509,11320,24073,38371
수원시,202508,15764,69525,51767
수원시,202507,18471,23281,22717
수원시,202506,6509,20865,22067
수원시,202505,6192,21070,24396
수원시,202504,9769,20210,25765
수원시,202503,10658,20001,29868
수원시,202502,19941,21527,35374
수원시,202501,33752,95743,33781
수원시,202412,8157,19491,23415
수원시,202411,8854,20887,23538
수원시,202410,11170,18469,26037
수원시,202409,10834,38117,30375
수원시,202408,8432,24711,25737
수원시,202407,6771,26141,25390
수원시,202406,5268,30226,24396
수원시,202405,5979,19288,22336
수원시,202404,7017,19769,23026
수원시,202403,8291,18634,22787
수원시,202402,10050,38781,23661
수원시,202401,7743,18840,22427
시흥시,202604,3506,21142,23390
시흥시,202603,4097,20563,25196
시흥시,202602,2932,30749,23867
시흥시,202601,6482,18192,22276
시흥시,202512,448,22405,21651
시흥시,202511,3120,23270,24078
시흥시,202510,2347,23016,21911
시흥시,202509,4998,29125,21211
시흥시,202508,2735,15358,19232
시흥시,202507,6814,31061,21934
시흥시,202506,2641,17055,17436
시흥시,202505,2288,17289,18173
시흥시,202504,2032,16958,17940
시흥시,202503,2697,17134,19071
시흥시,202502,2030,15509,18232
시흥시,202501,4914,31470,18488
시흥시,202412,1838,3824,9691
시흥시,202411,2221,18675,18120
시흥시,202410,2640,17610,37968
시흥시,202409,3167,23251,20192
시흥시,202408,2533,18699,18622
시흥시,202407,2250,19092,17595
시흥시,202406,2162,21165,19809
시흥시,202405,2996,18359,19527
시흥시,202404,2384,18079,19272
시흥시,202403,3290,17840,20625
시흥시,202402,3398,24554,20456
시흥시,202401,3109,16121,17699
안산시,202604,5244,21400,22891
안산시,202603,4812,22417,26957
안산시,202602,3857,28921,27742
안산시,202601,4463,25716,27393
안산시,202512,5187,29156,28909
안산시,202511,5187,27969,27948
안산시,202510,8010,29672,27896
안산시,202509,10578,22279,22380
안산시,202508,18070,22066,19926
안산시,202507,14114,21565,17002
안산시,202506,4323,17419,17301
안산시,202505,3690,17146,17822
안산시,202504,5086,16895,17257
안산시,202503,5614,16814,17616
안산시,202502,5201,16257,15615
안산시,202501,1865,19197,15946
안산시,202412,3595,18807,15158
안산시,202411,3254,11150,12185
안산시,202410,4200,10481,13542
안산시,202409,4133,19750,13839
안산시,202408,3239,11265,12020
안산시,202407,3107,11473,12033
안산시,202406,2401,11734,11216
안산시,202405,2510,13009,12907
안산시,202404,3106,10657,12554
안산시,202403,3267,10155,13995
안산시,202402,3496,20029,14433
안산시,202401,3344,10193,13194
안성시,202604,1515,5755,6557
안성시,202603,1507,5810,7164
안성시,202602,1439,10682,7268
안성시,202601,1406,4594,5218
안성시,202512,1706,4186,5343
안성시,202511,1526,5276,7365
안성시,202510,2551,9130,7693
안성시,202509,3321,10156,6858
안성시,202508,3810,4764,5208
안성시,202507,5745,7182,5186
안성시,202506,1583,4100,4439
안성시,202505,1093,4170,5089
안성시,202504,1627,4161,5567
안성시,202503,1990,3969,6062
안성시,202502,2486,6132,6073
안성시,202501,2440,11450,6775
안성시,202412,1305,4782,5366
안성시,202411,973,4117,5112
안성시,202410,1340,3534,6626
안성시,202409,1199,8918,5797
안성시,202408,1020,4431,5066
안성시,202407,1181,4533,4761
안성시,202406,1172,4860,6557
안성시,202405,952,4149,5032
안성시,202404,1233,3966,5011
안성시,202403,1530,3741,5509
안성시,202402,1359,6405,5216
안성시,202401,1838,3608,3877
안양시,202604,3182,8901,10559
안양시,202603,3434,9542,12900
안양시,202602,2530,8927,12203
안양시,202601,3804,8467,16639
안양시,202512,5683,23771,24033
안양시,202511,5784,24882,23735
안양시,202510,6871,24510,18392
안양시,202509,8469,22309,16479
안양시,202508,17437,14471,11965
안양시,202507,3829,14706,11750
안양시,202506,3286,7809,10236
안양시,202505,3392,7434,12182
안양시,202504,5765,16369,16641
안양시,202503,6055,16996,14539
안양시,202502,6116,16943,13713
안양시,202501,4983,18547,10504
안양시,202412,3157,8246,8742
안양시,202411,3523,8050,8727
안양시,202410,4337,8027,9818
안양시,202409,4435,11439,10450
안양시,202408,3868,11537,11073
안양시,202407,3080,11539,11981
안양시,202406,2338,11742,10077
안양시,202405,2242,9358,9459
안양시,202404,2444,9543,8897
안양시,202403,2712,6861,8810
안양시,202402,3354,9741,8945
안양시,202401,3208,7328,12915
양주시,202604,1687,3086,4156
양주시,202603,1474,3200,5489
양주시,202602,1329,6272,5737
양주시,202601,1727,5441,6857
양주시,202512,1903,10988,6997
양주시,202511,1502,5850,6150
양주시,202510,1648,5082,5323
양주시,202509,2587,5004,5676
양주시,202508,3436,7745,5173
양주시,202507,5670,6010,4871
양주시,202506,1944,5896,4519
양주시,202505,1247,3806,4023
양주시,202504,1914,3819,4017
양주시,202503,1925,3816,4277
양주시,202502,1903,3342,3978
양주시,202501,2209,6456,4156
양주시,202412,1214,2242,5164
양주시,202411,1569,2615,2684
양주시,202410,2024,4717,5095
양주시,202409,1992,4916,4753
양주시,202408,1637,4583,5137
양주시,202407,1576,4732,5705
양주시,202406,1270,4890,4433
양주시,202405,1239,4728,4809
양주시,202404,1541,4102,4669
양주시,202403,1852,4041,5071
양주시,202402,2055,5522,4926
양주시,202401,1724,3715,5375
양평군,202604,973,4202,4363
양평군,202603,1023,4018,4439
양평군,202602,684,4294,4183
양평군,202601,934,4137,4113
양평군,202512,1063,4289,4458
양평군,202511,908,4255,4741
양평군,202510,1450,5194,4402
양평군,202509,1923,3754,3912
양평군,202508,2209,3446,3418
양평군,202507,3412,3570,3482
양평군,202506,929,3831,3922
양평군,202505,726,3869,4209
양평군,202504,1029,3742,4219
양평군,202503,1229,3482,4661
양평군,202502,1677,5077,4415
양평군,202501,1647,5802,3716
양평군,202412,1377,3261,4101
양평군,202411,840,3232,3082
양평군,202410,941,3051,3457
양평군,202409,1138,5125,4091
양평군,202408,817,3148,4125
양평군,202407,1060,3610,5329
양평군,202406,1071,5624,6617
양평군,202405,950,6086,6712
양평군,202404,1321,6128,5803
양평군,202403,1086,4726,4854
양평군,202402,1090,5969,5759
양평군,202401,1324,4617,6246
여주시,202604,1089,3734,4178
여주시,202603,878,3965,4283
여주시,202602,765,3585,3867
여주시,202601,974,2866,3893
여주시,202512,769,4766,4424
여주시,202511,896,4482,4401
여주시,202510,1401,4281,3855
여주시,202509,1918,6079,3572
여주시,202508,2627,2532,2621
여주시,202507,2998,3264,2777
여주시,202506,981,2809,2872
여주시,202505,872,2977,3124
여주시,202504,1310,2787,3088
여주시,202503,1739,2708,3255
여주시,202502,1020,2217,2904
여주시,202501,1110,4716,3247
여주시,202412,867,2263,3604
여주시,202411,683,2682,3191
여주시,202410,836,2082,3627
여주시,202409,925,6597,4136
여주시,202408,823,2765,3968
여주시,202407,1012,2746,5496
여주시,202406,844,2573,3071
여주시,202405,945,4663,3487
여주시,202404,1153,2728,3425
여주시,202403,1178,2449,3753
여주시,202402,955,5022,4066
여주시,202401,1198,2406,4558
연천군,202604,2616,1971,2039
연천군,202603,2903,2389,2205
연천군,202602,1572,1949,2260
연천군,202601,1600,2008,2588
연천군,202512,4226,3557,2826
연천군,202511,918,2975,2699
연천군,202510,976,2687,2185
연천군,202509,1119,2378,1838
연천군,202508,1114,1449,1433
연천군,202507,1787,1871,1627
연천군,202506,486,1670,1600
연천군,202505,487,1762,1762
연천군,202504,622,1722,1732
연천군,202503,693,1662,1735
연천군,202502,522,1510,1383
연천군,202501,606,1416,2816
연천군,202412,564,2325,1189
연천군,202411,474,1624,1207
연천군,202410,662,1580,1249
연천군,202409,424,1546,1202
연천군,202408,479,1624,1298
연천군,202407,479,1624,1292
연천군,202406,781,1341,1155
연천군,202405,584,1458,1285
연천군,202404,536,1400,1220
연천군,202403,940,1342,1143
연천군,202402,1015,1213,1017
연천군,202401,1407,1236,1035
오산시,202604,2260,7936,7933
오산시,202603,2040,8083,8783
오산시,202602,1556,6000,6733
오산시,202601,2109,6275,8914
오산시,202512,2399,10894,9851
오산시,202511,2001,8896,9550
오산시,202510,2496,7895,8186
오산시,202509,3331,7606,8169
오산시,202508,4588,7737,7339
오산시,202507,5737,13477,6248
오산시,202506,2155,4585,4653
오산시,202505,1506,5539,4833
오산시,202504,2222,4626,5470
오산시,202503,2499,4274,5505
오산시,202502,2117,3512,5542
오산시,202501,2658,9417,5080
오산시,202412,1567,5507,5324
오산시,202411,1522,4180,3879
오산시,202410,1796,4130,3945
오산시,202409,1775,6907,4214
오산시,202408,1248,4105,3336
오산시,202407,1239,4233,1585
오산시,202406,1161,4600,4182
오산시,202405,1218,5527,3989
오산시,202404,1286,3716,3650
오산시,202403,1463,3769,4045
오산시,202402,1574,5435,4882
오산시,202401,1408,3714,743
용인시,202604,7055,22079,26049
용인시,202603,7312,22641,32992
용인시,202602,5417,23788,33500
용인시,202601,7517,22920,43267
용인시,202512,8304,62888,42553
용인시,202511,7769,50810,46464
용인시,202510,9012,44381,37970
용인시,202509,12260,23871,23898
용인시,202508,13776,23871,23898
용인시,202507,18029,38021,25540
용인시,202506,5911,20591,20400
용인시,202505,5017,20631,20814
용인시,202504,7724,20876,21005
용인시,202503,9102,20893,22183
용인시,202502,8505,20780,20276
용인시,202501,10224,29308,19949
용인시,202412,5876,12015,13857
용인시,202411,7233,14403,16957
용인시,202410,7796,15015,20495
용인시,202409,8057,25364,22852
용인시,202408,6577,23747,26583
용인시,202407,5942,26335,26593
용인시,202406,4708,27899,25574
용인시,202405,5638,23242,24015
용인시,202404,5488,19834,23621
용인시,202403,8903,17072,26135
용인시,202402,8204,31911,27177
용인시,202401,7163,13641,27593
의왕시,202604,1294,2560,3014
의왕시,202603,1303,2634,3752
의왕시,202602,1307,5252,3819
의왕시,202601,1508,3459,3708
의왕시,202512,1578,2747,3422
의왕시,202511,1510,3325,4148
의왕시,202510,1842,4581,3605
의왕시,202509,2370,4189,3586
의왕시,202508,2771,3048,2868
의왕시,202507,3563,3554,3141
의왕시,202506,1167,3328,3237
의왕시,202505,1201,3349,3325
의왕시,202504,1752,3349,3376
의왕시,202503,1873,3331,3533
의왕시,202502,1828,3280,3200
의왕시,202501,2082,4868,3562
의왕시,202412,1304,3325,3491
의왕시,202411,1335,3426,3661
의왕시,202410,1765,3040,3453
의왕시,202409,1965,4368,3208
의왕시,202408,1411,3173,2678
의왕시,202407,1231,3262,1012
의왕시,202406,906,3894,2503
의왕시,202405,990,2614,2989
의왕시,202404,1082,2621,2965
의왕시,202403,1196,2613,3100
의왕시,202402,1579,4405,2662
의왕시,202401,1249,2299,1717
의정부시,202604,2174,4558,4147
의정부시,202603,1689,4655,4373
의정부시,202602,1506,3543,3404
의정부시,202601,2158,3721,3604
의정부시,202512,2723,3547,3770
의정부시,202511,2059,3409,3897
의정부시,202510,2723,3115,3386
의정부시,202509,3770,3083,4157
의정부시,202508,4094,5140,4538
의정부시,202507,6902,7021,4356
의정부시,202506,1966,2840,2911
의정부시,202505,1683,2847,3077
의정부시,202504,2512,2894,3120
의정부시,202503,2568,2923,3435
의정부시,202502,2423,2875,3387
의정부시,202501,3545,3552,3820
의정부시,202412,1732,4868,5673
의정부시,202411,2564,4796,3543
의정부시,202410,2378,4708,3624
의정부시,202409,2347,4890,3349
의정부시,202408,1986,2818,2342
의정부시,202407,1328,2847,2438
의정부시,202406,742,2885,2452
의정부시,202405,1021,2607,2166
의정부시,202404,1274,2674,2088
의정부시,202403,1489,1936,2475
의정부시,202402,1956,2997,3307
의정부시,202401,612,3333,4031
이천시,202604,2576,20038,15161
이천시,202603,1828,11844,13460
이천시,202602,1377,14956,12074
이천시,202601,1371,9593,11876
이천시,202512,1516,12324,12113
이천시,202511,1510,12417,12562
이천시,202510,1429,11569,11084
이천시,202509,1987,15500,10461
이천시,202508,1830,8084,8139
이천시,202507,5499,9073,8133
이천시,202506,1374,8081,8365
이천시,202505,1349,8933,9409
이천시,202504,1666,8253,9167
이천시,202503,1565,7409,9137
이천시,202502,1876,6345,9333
이천시,202501,2073,17197,10350
이천시,202412,1469,7573,9101
이천시,202411,1352,7923,8935
이천시,202410,1847,7068,9866
이천시,202409,1672,13501,9295
이천시,202408,1308,7400,8208
이천시,202407,1580,7637,9107
이천시,202406,1044,7948,5906
이천시,202405,1207,7759,8087
이천시,202404,1405,7499,8156
이천시,202403,1830,7036,9003
이천시,202402,1886,12574,9619
이천시,202401,2301,6823,8556
파주시,202604,4825,36350,37012
파주시,202603,4280,33100,34852
파주시,202602,3394,39896,34049
파주시,202601,3777,34606,34652
파주시,202512,3785,32838,32656
파주시,202511,4073,32541,33046
파주시,202510,6437,32706,29607
파주시,202509,8479,27373,28197
파주시,202508,9314,25411,25267
파주시,202507,13716,25457,26688
파주시,202506,4613,27652,28922
파주시,202505,4439,33456,31096
파주시,202504,6418,28745,29258
파주시,202503,10981,27895,29100
파주시,202502,58879,20238,20415
파주시,202501,37392,27228,22138
파주시,202412,3691,21599,24386
파주시,202411,3782,20812,20873
파주시,202410,4476,20157,22085
파주시,202409,3796,24624,21937
파주시,202408,3695,20215,21634
파주시,202407,4265,19786,22387
파주시,202406,3026,18785,20495
파주시,202405,3816,24200,22583
파주시,202404,4188,19426,19740
파주시,202403,4560,20189,21196
파주시,202402,4802,29503,19276
파주시,202401,4031,16560,13829
평택시,202604,3453,15982,18598
평택시,202603,3403,17519,21058
평택시,202602,2769,22830,19191
평택시,202601,3670,19747,21138
평택시,202512,3802,18498,18373
평택시,202511,3688,19095,21785
평택시,202510,4990,31950,19199
평택시,202509,6057,12831,12941
평택시,202508,10090,12606,13560
평택시,202507,10622,17712,12425
평택시,202506,2954,13750,13489
평택시,202505,2299,12169,13618
평택시,202504,3570,13338,14301
평택시,202503,3697,13278,14815
평택시,202502,4300,13497,13917
평택시,202501,5222,19858,14187
평택시,202412,3111,8696,11459
평택시,202411,2976,12312,12906
평택시,202410,4225,12572,14004
평택시,202409,4137,16822,14222
평택시,202408,3217,13494,13303
평택시,202407,3501,12757,13058
평택시,202406,2349,13763,12823
평택시,202405,2214,11748,13026
평택시,202404,2523,11407,13106
평택시,202403,2945,10877,14355
평택시,202402,3578,21159,14457
평택시,202401,3332,11990,12139
포천시,202604,1234,5662,5160
포천시,202603,1448,4038,5317
포천시,202602,1539,8362,5692
포천시,202601,1362,4160,3517
포천시,202512,637,885,1775
포천시,202511,883,2625,4322
포천시,202510,2060,6598,5556
포천시,202509,2237,6035,4576
포천시,202508,1302,3729,3497
포천시,202507,3174,3543,2995
포천시,202506,1109,3117,3188
포천시,202505,919,3061,2970
포천시,202504,752,2828,2433
포천시,202503,723,2369,2322
포천시,202502,577,1998,1995
포천시,202501,48,2271,2073
포천시,202412,467,4433,4361
포천시,202411,236,387,404
포천시,202410,749,2591,2685
포천시,202409,590,2927,2212
포천시,202408,715,2041,1971
포천시,202407,905,2016,1505
포천시,202406,564,2249,1712
포천시,202405,313,2064,1854
포천시,202404,357,2173,2074
포천시,202403,429,1868,2302
포천시,202402,619,2540,2201
포천시,202401,316,2426,1957
하남시,202604,2698,8819,9481
하남시,202603,2808,9099,10329
하남시,202602,2316,10816,9368
하남시,202601,2414,8846,9945
하남시,202512,2438,10428,11193
하남시,202511,4429,8893,11224
하남시,202510,2888,12851,10339
하남시,202509,3681,12702,10105
하남시,202508,4250,8861,7964
하남시,202507,4872,12269,8329
하남시,202506,1598,5542,6239
하남시,202505,1718,7107,7507
하남시,202504,2322,7140,7521
하남시,202503,2452,7193,8070
하남시,202502,2564,7130,7578
하남시,202501,2858,10179,8228
하남시,202412,1796,5476,7651
하남시,202411,2158,5669,7741
하남시,202410,2723,5694,10168
하남시,202409,3222,12210,12651
하남시,202408,2651,13692,13522
하남시,202407,2340,15384,13128
하남시,202406,1864,18128,11829
하남시,202405,1770,7160,8103
하남시,202404,2311,7048,8114
하남시,202403,2148,6949,9038
하남시,202402,2800,10534,9331
하남시,202401,1934,6120,10213
화성시,202604,8390,58826,61612
화성시,202603,9549,58096,77333
화성시,202602,7805,80207,77039
화성시,202601,8418,72769,74469
화성시,202512,8083,77470,74113
화성시,202511,7150,71988,72105
화성시,202510,8543,69171,63159
화성시,202509,9984,79603,65574
화성시,202508,15229,47180,48115
화성시,202507,19011,50172,51028
화성시,202506,8043,52610,53655
화성시,202505,6696,51109,55844
화성시,202504,11225,49132,53771
화성시,202503,11692,55842,58351
화성시,202502,20855,55754,44166
화성시,202501,14411,97456,62969
화성시,202412,6058,24699,31556
화성시,202411,6424,25978,30428
화성시,202410,8548,34067,34067
화성시,202409,8006,38918,32742
화성시,202408,6864,32750,32603
화성시,202407,6795,33421,33325
화성시,202406,5567,33904,32445
화성시,202405,6372,33096,31715
화성시,202404,7931,28824,30175
화성시,202403,8937,29676,33436
화성시,202402,8745,37689,31811
화성시,202401,17380,39505,30436

